{
  "file": "Disappear.mp3",
  "features": [
    {
      "start_sec": 0.0,
      "end_sec": 14.0,
      "features": {
        "mfcc_mean": [
          -225.90866088867188,
          235.04234313964844,
          -81.98894500732422,
          -13.515945434570312,
          28.49778175354004,
          -23.154523849487305,
          -6.584556579589844,
          -4.579257965087891,
          -16.709625244140625,
          -6.49915075302124,
          -8.874130249023438,
          -9.901187896728516,
          -5.448530673980713
        ],
        "chroma_mean": [
          0.31316226720809937,
          0.3492315113544464,
          0.5614087581634521,
          0.4568599462509155,
          0.433299720287323,
          0.5794953107833862,
          0.45216867327690125,
          0.5390928387641907,
          0.30066603422164917,
          0.2997592091560364,
          0.5430914759635925,
          0.43964463472366333
        ],
        "contrast_mean": [
          19.337029807377537,
          9.7839523209309,
          13.448022318402186,
          15.433296410480425,
          15.345127805522717,
          23.552519680457525,
          42.968395797030716
        ],
        "tempo": [
          109.95678191489361
        ]
      }
    }
  ]
}